Table 21. Number of Poor and Poverty Rate by State: 1980 to 2020,,,,,
"(Population in thousands. Population as of March of the following year. Information on confidentiality protection, sampling error, nonsampling error, and definitions is available at <https://www2.census.gov/programs-surveys/cps/techdocs/cpsmar21.pdf>)",,,,,
2020,,,,,
STATE,Total,Below poverty,Standard error,Percent,Standard error
Alabama,"4,885",727,84,14.9,1.8
Alaska,705,94,9,13.3,1.3
Arizona,"7,457",807,76,10.8,1.0
Arkansas,"2,980",422,34,14.2,1.1
California,"39,164","4,318",183,11.0,0.5
Colorado,"5,753",548,88,9.5,1.5
Connecticut,"3,482",389,48,11.2,1.4
Delaware,981,103,13,10.5,1.4
District of Columbia,718,120,9,16.7,1.2
Florida,"21,638","2,861",162,13.2,0.8
Georgia,"10,539","1,396",126,13.2,1.2
Hawaii,"1,376",150,17,10.9,1.3
Idaho,"1,831",168,16,9.2,0.9
Illinois,"12,468",997,77,8.0,0.6
Indiana,"6,654",802,76,12.0,1.1
Iowa,"3,129",281,46,9.0,1.5
Kansas,"2,863",260,45,9.1,1.6
Kentucky,"4,414",615,65,13.9,1.5
Louisiana,"4,543",701,42,15.4,0.9
Maine,"1,351",108,19,8.0,1.4
Maryland,"5,957",550,63,9.2,1.1
Massachusetts,"6,819",571,55,8.4,0.8
Michigan,"9,795","1,088",83,11.1,0.9
Minnesota,"5,574",468,57,8.4,1.0
Mississippi,"2,935",514,55,17.5,1.9
Missouri,"6,029",641,67,10.6,1.1
Montana,"1,069",118,10,11.0,1.0
Nebraska,"1,932",160,16,8.3,0.8
Nevada,"3,155",407,41,12.9,1.3
New Hampshire,"1,371",85,13,6.2,0.9
New Jersey,"8,734",712,78,8.2,0.9
New Mexico,"2,058",340,24,16.5,1.2
New York,"18,878","2,221",125,11.8,0.7
North Carolina,"10,555","1,449",103,13.7,1.0
North Dakota,750,80,8,10.7,1.1
Ohio,"11,602","1,473",117,12.7,1.0
Oklahoma,"3,899",604,59,15.5,1.5
Oregon,"4,127",389,33,9.4,0.8
Pennsylvania,"12,487","1,327",131,10.6,1.1
Rhode Island,"1,049",89,12,8.5,1.2
South Carolina,"5,176",686,67,13.3,1.3
South Dakota,880,102,29,11.6,3.3
Tennessee,"6,889",907,64,13.2,0.9
Texas,"29,071","4,061",191,14.0,0.7
Utah,"3,232",239,36,7.4,1.1
Vermont,617,53,6,8.6,1.0
Virginia,"8,456",658,73,7.8,0.9
Washington,"7,588",628,77,8.3,1.0
West Virginia,"1,747",246,32,14.1,1.8
Wisconsin,"5,786",460,63,8.0,1.1
Wyoming,566,55,7,9.8,1.1
2019,,,,,
STATE,Total,Below poverty,Standard error,Percent,Standard error
Alabama,"4,873",627,71,12.9,1.5
Alaska,701,72,8,10.2,1.2
Arizona,"7,285",725,92,9.9,1.3
Arkansas,"2,915",412,36,14.1,1.3
California,"39,375","3,980",180,10.1,0.5
Colorado,"5,768",535,85,9.3,1.5
Connecticut,"3,490",291,38,8.3,1.1
Delaware,971,63,11,6.5,1.1
District of Columbia,702,88,8,12.5,1.1
Florida,"21,402","2,455",150,11.5,0.7
Georgia,"10,355","1,249",114,12.1,1.1
Hawaii,"1,365",115,17,8.4,1.3
Idaho,"1,794",127,15,7.1,0.8
Illinois,"12,504","1,160",98,9.3,0.8
Indiana,"6,691",677,68,10.1,1.0
Iowa,"3,137",298,35,9.5,1.1
Kansas,"2,813",266,29,9.5,1.0
Kentucky,"4,399",599,72,13.6,1.6
Louisiana,"4,563",816,60,17.9,1.3
Maine,"1,340",140,22,10.4,1.6
Maryland,"6,067",424,65,7.0,1.1
Massachusetts,"6,897",521,52,7.5,0.8
Michigan,"9,901","1,007",102,10.2,1.0
Minnesota,"5,681",322,46,5.7,0.8
Mississippi,"2,911",560,59,19.2,2.0
Missouri,"6,063",568,99,9.4,1.7
Montana,"1,053",102,8,9.7,0.7
Nebraska,"1,885",165,23,8.7,1.2
Nevada,"3,105",323,30,10.4,1.0
New Hampshire,"1,351",49,9,3.7,0.7
New Jersey,"8,738",554,64,6.3,0.7
New Mexico,"2,058",315,23,15.3,1.1
New York,"19,068","2,382",143,12.5,0.8
North Carolina,"10,467","1,324",96,12.7,0.9
North Dakota,749,61,6,8.1,0.9
Ohio,"11,514","1,424",118,12.4,1.0
Oklahoma,"3,899",422,44,10.8,1.1
Oregon,"4,135",336,44,8.1,1.1
Pennsylvania,"12,551","1,092",90,8.7,0.7
Rhode Island,"1,047",96,14,9.2,1.3
South Carolina,"5,144",775,60,15.1,1.2
South Dakota,860,91,12,10.6,1.3
Tennessee,"6,721",879,113,13.1,1.6
Texas,"28,673","3,174",175,11.1,0.6
Utah,"3,232",236,46,7.3,1.4
Vermont,615,53,7,8.6,1.2
Virginia,"8,335",737,76,8.8,0.9
Washington,"7,549",527,64,7.0,0.8
West Virginia,"1,745",242,21,13.9,1.1
Wisconsin,"5,730",479,56,8.4,1.0
Wyoming,565,52,8,9.2,1.5
2018,,,,,
STATE,Total,Below poverty,Standard error,Percent,Standard error
Alabama,"4,877",779,65,16.0,1.3
Alaska,720,94,9,13.1,1.2
Arizona,"7,241",929,80,12.8,1.1
Arkansas,"2,912",462,38,15.9,1.3
California,"39,150","4,664",184,11.9,0.5
Colorado,"5,739",521,51,9.1,0.9
Connecticut,"3,413",348,43,10.2,1.3
Delaware,976,72,9,7.4,1.0
District of Columbia,692,102,8,14.7,1.1
Florida,"21,117","2,883",173,13.7,0.8
Georgia,"10,423","1,548",115,14.8,1.1
Hawaii,"1,393",128,16,9.2,1.1
Idaho,"1,766",202,25,11.5,1.4
Illinois,"12,589","1,292",130,10.3,1.0
Indiana,"6,582",761,68,11.6,1.0
Iowa,"3,110",277,30,8.9,1.0
Kansas,"2,835",212,27,7.5,0.9
Kentucky,"4,445",696,76,15.7,1.7
Louisiana,"4,510",858,38,19.0,0.9
Maine,"1,321",153,19,11.6,1.4
Maryland,"6,030",480,50,8.0,0.8
Massachusetts,"6,883",601,59,8.7,0.9
Michigan,"9,913","1,036",78,10.5,0.8
Minnesota,"5,746",456,47,7.9,0.8
Mississippi,"2,899",567,27,19.6,0.9
Missouri,"6,026",745,81,12.4,1.4
Montana,"1,041",107,12,10.3,1.2
Nebraska,"1,893",199,25,10.5,1.3
Nevada,"3,008",390,37,13.0,1.2
New Hampshire,"1,349",82,11,6.1,0.8
New Jersey,"8,790",725,65,8.2,0.7
New Mexico,"2,054",342,27,16.6,1.3
New York,"19,343","2,145",110,11.1,0.6
North Carolina,"10,369","1,355",96,13.1,0.9
North Dakota,745,72,9,9.7,1.2
Ohio,"11,452","1,365",115,11.9,1.0
Oklahoma,"3,858",518,48,13.4,1.2
Oregon,"4,172",404,45,9.7,1.1
Pennsylvania,"12,519","1,476",124,11.8,1.0
Rhode Island,"1,036",92,15,8.9,1.4
South Carolina,"5,036",642,45,12.8,0.9
South Dakota,853,90,8,10.6,0.9
Tennessee,"6,665",800,73,12.0,1.1
Texas,"28,497","3,894",173,13.7,0.6
Utah,"3,173",219,37,6.9,1.2
Vermont,616,60,7,9.7,1.1
Virginia,"8,393",821,86,9.8,1.0
Washington,"7,555",647,101,8.6,1.3
West Virginia,"1,762",279,21,15.9,1.2
Wisconsin,"5,795",499,54,8.6,0.9
Wyoming,565,53,6,9.5,1.1
2017,,,,,
STATE,Total,Below poverty,Standard error,Percent,Standard error
Alabama,"4,801",735,58,15.3,1.3
Alaska,719,87,12,12.1,1.6
Arizona,"6,981",951,104,13.6,1.5
Arkansas,"2,921",436,33,14.9,1.1
California,"39,247","4,759",182,12.1,0.5
Colorado,"5,527",489,51,8.9,0.9
Connecticut,"3,553",377,43,10.6,1.2
Delaware,967,85,10,8.8,1.1
District of Columbia,691,96,8,13.9,1.1
Florida,"20,909","2,809",173,13.4,0.8
Georgia,"10,231","1,339",104,13.1,1.0
Hawaii,"1,402",149,17,10.6,1.2
Idaho,"1,730",199,23,11.5,1.4
Illinois,"12,597","1,454",102,11.5,0.8
Indiana,"6,532",762,70,11.7,1.1
Iowa,"3,053",230,33,7.5,1.1
Kansas,"2,868",411,33,14.3,1.2
Kentucky,"4,395",591,76,13.5,1.8
Louisiana,"4,535",931,48,20.5,1.1
Maine,"1,315",163,19,12.4,1.4
Maryland,"5,977",451,58,7.6,1.0
Massachusetts,"6,784",763,71,11.2,1.0
Michigan,"9,895","1,135",88,11.5,0.9
Minnesota,"5,619",479,57,8.5,1.0
Mississippi,"2,948",544,27,18.5,0.9
Missouri,"5,988",683,81,11.4,1.4
Montana,"1,041",107,11,10.3,1.0
Nebraska,"1,878",216,25,11.5,1.3
Nevada,"2,979",392,37,13.2,1.2
New Hampshire,"1,333",95,13,7.2,1.0
New Jersey,"9,015",894,95,9.9,1.1
New Mexico,"2,035",402,28,19.7,1.4
New York,"19,735","2,510",141,12.7,0.7
North Carolina,"10,297","1,567",96,15.2,1.0
North Dakota,740,92,11,12.4,1.5
Ohio,"11,491","1,479",98,12.9,0.9
Oklahoma,"3,817",490,47,12.8,1.2
Oregon,"4,202",482,55,11.5,1.4
Pennsylvania,"12,568","1,373",94,10.9,0.8
Rhode Island,"1,046",118,15,11.3,1.4
South Carolina,"4,955",756,55,15.2,1.1
South Dakota,870,93,15,10.7,1.7
Tennessee,"6,699",759,65,11.3,1.0
Texas,"28,090","3,715",186,13.2,0.7
Utah,"3,130",272,34,8.7,1.1
Vermont,613,53,6,8.6,1.0
Virginia,"8,242",862,71,10.5,0.9
Washington,"7,425",810,75,10.9,1.0
West Virginia,"1,793",306,25,17.1,1.3
Wisconsin,"5,809",537,41,9.2,0.7
Wyoming,560,73,8,13.0,1.4
2017,,,,,
STATE,Total,Below poverty,Standard error,Percent,Standard error
Alabama,"4,806",723,49,15.0,1.0
Alaska,717,103,14,14.4,1.9
Arizona,"6,990",926,107,13.2,1.5
Arkansas,"2,924",432,28,14.8,0.9
California,"39,237","4,872",187,12.4,0.5
Colorado,"5,527",427,53,7.7,1.0
Connecticut,"3,555",388,42,10.9,1.2
Delaware,967,89,10,9.2,1.0
District of Columbia,692,94,7,13.6,1.1
Florida,"20,894","2,864",175,13.7,0.8
Georgia,"10,227","1,356",103,13.3,1.0
Hawaii,"1,402",144,18,10.3,1.3
Idaho,"1,732",202,20,11.7,1.2
Illinois,"12,604","1,379",105,10.9,0.8
Indiana,"6,533",748,63,11.4,1.0
Iowa,"3,054",278,37,9.1,1.2
Kansas,"2,870",421,37,14.7,1.3
Kentucky,"4,401",633,69,14.4,1.6
Louisiana,"4,538",970,53,21.4,1.2
Maine,"1,317",158,20,12.0,1.5
Maryland,"5,967",467,62,7.8,1.0
Massachusetts,"6,796",724,63,10.6,0.9
Michigan,"9,889","1,259",95,12.7,1.0
Minnesota,"5,619",519,66,9.2,1.2
Mississippi,"2,947",538,41,18.3,1.4
Missouri,"5,979",666,86,11.1,1.4
Montana,"1,039",101,10,9.7,0.9
Nebraska,"1,875",194,23,10.4,1.2
Nevada,"2,982",409,37,13.7,1.2
New Hampshire,"1,334",88,13,6.6,0.9
New Jersey,"9,007",774,82,8.6,0.9
New Mexico,"2,040",380,30,18.6,1.5
New York,"19,733","2,641",150,13.4,0.8
North Carolina,"10,292","1,494",99,14.5,1.0
North Dakota,742,84,10,11.3,1.3
Ohio,"11,502","1,458",102,12.7,0.9
Oklahoma,"3,817",482,46,12.6,1.2
Oregon,"4,199",430,60,10.2,1.4
Pennsylvania,"12,571","1,411",92,11.2,0.7
Rhode Island,"1,045",127,15,12.2,1.5
South Carolina,"4,959",773,56,15.6,1.1
South Dakota,871,91,12,10.4,1.4
Tennessee,"6,699",769,55,11.5,0.8
Texas,"28,078","3,768",181,13.4,0.6
Utah,"3,127",269,34,8.6,1.1
Vermont,613,63,8,10.2,1.3
Virginia,"8,249",847,77,10.3,0.9
Washington,"7,431",736,63,9.9,0.9
West Virginia,"1,794",311,28,17.3,1.5
Wisconsin,"5,808",551,43,9.5,0.7
Wyoming,560,70,8,12.4,1.4
2016,,,,,
STATE,Total,Below poverty,Standard error,Percent,Standard error
Alabama,"4,821",782,63,16.2,1.3
Alaska,708,89,12,12.6,1.7
Arizona,"6,878","1,108",79,16.1,1.1
Arkansas,"2,941",471,28,16.0,0.9
California,"39,143","5,435",175,13.9,0.4
Colorado,"5,502",467,51,8.5,0.9
Connecticut,"3,567",351,45,9.8,1.3
Delaware,947,110,12,11.6,1.3
District of Columbia,685,112,7,16.3,1.0
Florida,"20,524","2,659",125,13.0,0.6
Georgia,"10,270","1,580",116,15.4,1.1
Hawaii,"1,392",129,17,9.3,1.2
Idaho,"1,679",187,17,11.1,1.0
Illinois,"12,583","1,517",102,12.1,0.8
Indiana,"6,493",768,67,11.8,1.0
Iowa,"3,099",302,29,9.8,0.9
Kansas,"2,859",321,33,11.2,1.2
Kentucky,"4,383",667,57,15.2,1.3
Louisiana,"4,573",923,46,20.2,1.0
Maine,"1,317",167,19,12.7,1.4
Maryland,"5,930",424,54,7.1,0.9
Massachusetts,"6,775",649,56,9.6,0.8
Michigan,"9,875","1,091",82,11.1,0.8
Minnesota,"5,430",470,49,8.7,0.9
Mississippi,"2,943",622,46,21.1,1.5
Missouri,"5,878",762,73,13.0,1.2
Montana,"1,031",121,10,11.7,1.0
Nebraska,"1,870",179,26,9.6,1.4
Nevada,"2,941",298,38,10.1,1.3
New Hampshire,"1,316",84,11,6.4,0.8
New Jersey,"8,836",828,82,9.4,0.9
New Mexico,"2,043",364,33,17.8,1.6
New York,"19,459","2,314",146,11.9,0.7
North Carolina,"10,056","1,363",105,13.6,1.0
North Dakota,749,83,9,11.1,1.2
Ohio,"11,442","1,573",109,13.7,0.9
Oklahoma,"3,911",571,73,14.6,1.9
Oregon,"4,124",486,49,11.8,1.2
Pennsylvania,"12,526","1,396",100,11.1,0.8
Rhode Island,"1,052",119,15,11.4,1.4
South Carolina,"4,898",690,60,14.1,1.2
South Dakota,855,124,13,14.5,1.5
Tennessee,"6,652",988,87,14.9,1.3
Texas,"27,662","3,812",166,13.8,0.6
Utah,"3,077",264,30,8.6,1.0
Vermont,622,60,6,9.6,1.0
Virginia,"8,163",929,83,11.4,1.0
Washington,"7,289",800,60,11.0,0.8
West Virginia,"1,808",326,31,18.0,1.7
Wisconsin,"5,764",620,51,10.7,0.9
Wyoming,571,62,7,10.9,1.2
2015,,,,,
STATE,Total,Below poverty,Standard error,Percent,Standard error
Alabama,"4,820",784,60,16.3,1.2
Alaska,703,65,6,9.2,0.9
Arizona,"6,728","1,156",84,17.2,1.3
Arkansas,"2,951",475,27,16.1,0.9
California,"39,081","5,441",211,13.9,0.5
Colorado,"5,420",538,69,9.9,1.3
Connecticut,"3,572",324,43,9.1,1.2
Delaware,958,106,12,11.1,1.2
District of Columbia,676,113,8,16.6,1.2
Florida,"20,071","3,253",176,16.2,0.9
Georgia,"10,100","1,833",111,18.1,1.1
Hawaii,"1,382",151,16,10.9,1.1
Idaho,"1,657",204,21,12.3,1.3
Illinois,"12,683","1,380",104,10.9,0.8
Indiana,"6,502",880,72,13.5,1.1
Iowa,"3,100",321,39,10.4,1.3
Kansas,"2,849",404,42,14.2,1.5
Kentucky,"4,365",851,57,19.5,1.3
Louisiana,"4,599",854,57,18.6,1.2
Maine,"1,340",165,20,12.3,1.5
Maryland,"5,892",566,70,9.6,1.2
Massachusetts,"6,777",782,65,11.5,1.0
Michigan,"9,852","1,259",98,12.8,1.0
Minnesota,"5,458",428,58,7.8,1.1
Mississippi,"2,947",563,33,19.1,1.1
Missouri,"5,946",582,71,9.8,1.2
Montana,"1,018",121,12,11.9,1.2
Nebraska,"1,858",192,18,10.3,1.0
Nevada,"2,864",371,36,13.0,1.3
New Hampshire,"1,293",94,13,7.3,1.0
New Jersey,"8,936","1,004",95,11.2,1.1
New Mexico,"2,036",400,28,19.7,1.4
New York,"19,645","2,791",156,14.2,0.8
North Carolina,"9,887","1,509",95,15.3,1.0
North Dakota,763,82,12,10.7,1.5
Ohio,"11,435","1,550",105,13.6,0.9
Oklahoma,"3,887",551,45,14.2,1.1
Oregon,"4,029",478,69,11.9,1.7
Pennsylvania,"12,564","1,542",107,12.3,0.9
Rhode Island,"1,044",123,16,11.8,1.5
South Carolina,"4,790",683,56,14.3,1.2
South Dakota,848,118,10,13.9,1.2
Tennessee,"6,605",973,70,14.7,1.1
Texas,"27,396","4,036",207,14.7,0.8
Utah,"3,004",279,30,9.3,1.0
Vermont,609,65,8,10.7,1.3
Virginia,"8,216",894,81,10.9,1.0
Washington,"7,193",819,54,11.4,0.8
West Virginia,"1,795",261,46,14.5,2.6
Wisconsin,"5,736",654,68,11.4,1.2
Wyoming,574,56,8,9.8,1.4
2014,,,,,
STATE,Total,Below poverty,Standard error,Percent,Standard error
Alabama,"4,765",848,53,17.8,1.1
Alaska,694,82,8,11.9,1.2
Arizona,"6,657","1,409",76,21.2,1.1
Arkansas,"2,891",532,44,18.4,1.5
California,"38,666","6,112",218,15.8,0.6
Colorado,"5,376",661,72,12.3,1.3
Connecticut,"3,577",308,44,8.6,1.2
Delaware,929,103,10,11.0,1.0
District of Columbia,657,125,9,19.0,1.3
Florida,"19,694","3,282",150,16.7,0.8
Georgia,"9,948","1,676",92,16.8,0.9
Hawaii,"1,365",147,16,10.8,1.1
Idaho,"1,606",199,22,12.4,1.4
Illinois,"12,774","1,756",111,13.7,0.9
Indiana,"6,470",948,85,14.6,1.3
Iowa,"3,078",317,33,10.3,1.1
Kansas,"2,851",345,31,12.1,1.1
Kentucky,"4,299",861,69,20.0,1.6
Louisiana,"4,550","1,049",53,23.1,1.2
Maine,"1,300",190,20,14.6,1.5
Maryland,"5,934",584,55,9.8,0.9
Massachusetts,"6,653",902,71,13.6,1.1
Michigan,"9,893","1,462",90,14.8,0.9
Minnesota,"5,417",447,53,8.3,1.0
Mississippi,"2,961",654,37,22.1,1.2
Missouri,"5,950",620,54,10.4,0.9
Montana,"1,008",121,13,12.0,1.3
Nebraska,"1,873",221,23,11.8,1.2
Nevada,"2,819",478,45,17.0,1.6
New Hampshire,"1,318",95,11,7.2,0.8
New Jersey,"8,938","1,013",90,11.3,1.0
New Mexico,"2,030",406,33,20.0,1.6
New York,"19,658","2,755",144,14.0,0.7
North Carolina,"9,823","1,678",117,17.1,1.2
North Dakota,731,71,5,9.7,0.7
Ohio,"11,505","1,792",109,15.6,0.9
Oklahoma,"3,728",647,51,17.3,1.4
Oregon,"3,955",570,47,14.4,1.2
Pennsylvania,"12,620","1,581",104,12.5,0.8
Rhode Island,"1,046",119,14,11.3,1.3
South Carolina,"4,764",788,51,16.5,1.1
South Dakota,846,109,14,12.8,1.7
Tennessee,"6,496","1,122",75,17.3,1.2
Texas,"26,676","4,364",173,16.4,0.6
Utah,"2,928",298,36,10.2,1.2
Vermont,615,57,6,9.3,0.9
Virginia,"8,257",842,73,10.2,0.9
Washington,"7,079",852,82,12.0,1.2
West Virginia,"1,822",376,30,20.6,1.7
Wisconsin,"5,742",628,55,10.9,1.0
Wyoming,572,55,6,9.7,1.1
2013,,,,,
STATE,Total,Below poverty,Standard error,Percent,Standard error
Alabama,"4,807",891,94,18.5,2.0
Alaska,696,67,15,9.7,2.1
Arizona,"6,532","1,163",161,17.8,2.5
Arkansas,"2,852",395,46,13.9,1.6
California,"38,207","5,754",352,15.1,0.9
Colorado,"5,303",569,72,10.7,1.4
Connecticut,"3,637",396,59,10.9,1.6
Delaware,912,102,17,11.2,1.8
District of Columbia,647,150,17,23.2,2.6
Florida,"19,462","2,882",249,14.8,1.3
Georgia,"9,848","1,825",172,18.5,1.8
Hawaii,"1,338",142,24,10.6,1.8
Idaho,"1,610",200,36,12.4,2.2
Illinois,"12,654","1,720",154,13.6,1.2
Indiana,"6,557","1,083",138,16.5,2.1
Iowa,"3,076",405,42,13.2,1.4
Kansas,"2,760",315,70,11.4,2.5
Kentucky,"4,501",991,106,22.0,2.4
Louisiana,"4,534",963,113,21.2,2.5
Maine,"1,330",151,22,11.4,1.6
Maryland,"5,946",623,88,10.5,1.5
Massachusetts,"6,735",818,150,12.1,2.2
Michigan,"10,074","1,277",158,12.7,1.6
Minnesota,"5,349",589,84,11.0,1.6
Mississippi,"2,895",554,101,19.1,3.5
Missouri,"5,955","1,041",136,17.5,2.3
Montana,980,103,27,10.5,2.7
Nebraska,"1,868",196,30,10.5,1.6
Nevada,"2,774",401,60,14.5,2.2
New Hampshire,"1,301",71,13,5.5,1.0
New Jersey,"8,728",861,120,9.9,1.4
New Mexico,"2,079",535,72,25.8,3.5
New York,"19,335","3,337",294,17.3,1.5
North Carolina,"9,672","1,419",192,14.7,2.0
North Dakota,716,94,15,13.2,2.1
Ohio,"11,280","1,684",174,14.9,1.5
Oklahoma,"3,697",785,126,21.2,3.4
Oregon,"3,969",556,80,14.0,2.0
Pennsylvania,"12,804","1,432",152,11.2,1.2
Rhode Island,"1,032",96,18,9.3,1.7
South Carolina,"4,676",904,107,19.3,2.3
South Dakota,827,110,20,13.3,2.5
Tennessee,"6,272",972,138,15.5,2.2
Texas,"26,201","4,422",314,16.9,1.2
Utah,"2,923",357,50,12.2,1.7
Vermont,629,43,10,6.8,1.6
Virginia,"8,230",805,116,9.8,1.4
Washington,"6,877",836,99,12.2,1.4
West Virginia,"1,805",358,51,19.8,2.8
Wisconsin,"5,615",756,104,13.5,1.9
Wyoming,592,68,11,11.4,1.9
2013,,,,,
STATE,Total,Below poverty,Standard error,Percent,Standard error
Alabama,"4,751",796,67,16.7,1.4
Alaska,696,76,12,10.9,1.7
Arizona,"6,645","1,345",93,20.2,1.4
Arkansas,"2,940",504,69,17.1,2.4
California,"38,054","5,675",214,14.9,0.6
Colorado,"5,289",560,54,10.6,1.0
Connecticut,"3,545",400,36,11.3,1.0
Delaware,907,127,14,14.0,1.5
District of Columbia,650,139,11,21.3,1.6
Florida,"19,371","2,888",177,14.9,0.9
Georgia,"9,787","1,592",121,16.3,1.2
Hawaii,"1,368",152,16,11.1,1.2
Idaho,"1,592",205,30,12.9,1.9
Illinois,"12,779","1,695",117,13.3,0.9
Indiana,"6,398",743,76,11.6,1.2
Iowa,"3,066",330,31,10.8,1.0
Kansas,"2,830",373,32,13.2,1.1
Kentucky,"4,360",871,63,20.0,1.4
Louisiana,"4,504",863,95,19.2,2.1
Maine,"1,310",161,17,12.3,1.3
Maryland,"5,933",611,51,10.3,0.9
Massachusetts,"6,570",784,93,11.9,1.4
Michigan,"9,840","1,428",118,14.5,1.2
Minnesota,"5,398",649,60,12.0,1.1
Mississippi,"2,918",657,57,22.5,2.0
Missouri,"5,997",824,90,13.7,1.5
Montana,998,145,20,14.5,2.0
Nebraska,"1,838",202,23,11.0,1.3
Nevada,"2,760",480,52,17.4,1.9
New Hampshire,"1,317",119,12,9.0,0.9
New Jersey,"8,842",984,120,11.1,1.4
New Mexico,"2,099",454,46,21.7,2.2
New York,"19,488","2,825",164,14.5,0.8
North Carolina,"9,619","1,793",161,18.6,1.7
North Dakota,711,71,10,9.9,1.4
Ohio,"11,468","1,571",138,13.7,1.2
Oklahoma,"3,708",518,79,14.0,2.1
Oregon,"3,934",593,56,15.1,1.4
Pennsylvania,"12,738","1,576",133,12.4,1.0
Rhode Island,"1,048",142,13,13.5,1.2
South Carolina,"4,679",745,95,15.9,2.0
South Dakota,833,85,12,10.3,1.5
Tennessee,"6,453","1,170",114,18.1,1.8
Texas,"26,383","4,425",232,16.8,0.9
Utah,"2,877",239,32,8.3,1.1
Vermont,619,54,6,8.7,1.0
Virginia,"8,174",854,100,10.4,1.2
Washington,"6,854",819,81,12.0,1.2
West Virginia,"1,823",315,35,17.3,1.9
Wisconsin,"5,625",618,70,11.0,1.2
Wyoming,578,68,6,11.8,1.1
2012,,,,,
STATE,Total,Below poverty,Standard error,Percent,Standard error
Alabama,"4,808",777,91,16.2,1.9
Alaska,702,70,8,10.0,1.1
Arizona,"6,642","1,260",111,19.0,1.7
Arkansas,"2,909",584,51,20.1,1.8
California,"37,912","6,015",192,15.9,0.5
Colorado,"5,153",613,61,11.9,1.2
Connecticut,"3,517",363,30,10.3,0.9
Delaware,900,121,11,13.5,1.2
District of Columbia,632,116,9,18.4,1.3
Florida,"19,166","2,926",128,15.3,0.7
Georgia,"9,665","1,752",134,18.1,1.4
Hawaii,"1,356",188,21,13.8,1.6
Idaho,"1,588",229,22,14.4,1.4
Illinois,"12,727","1,608",98,12.6,0.8
Indiana,"6,343",964,70,15.2,1.1
Iowa,"3,010",310,22,10.3,0.8
Kansas,"2,828",397,34,14.0,1.3
Kentucky,"4,342",776,66,17.9,1.5
Louisiana,"4,465",944,99,21.1,2.3
Maine,"1,330",170,14,12.8,1.1
Maryland,"5,892",585,47,9.9,0.8
Massachusetts,"6,566",743,59,11.3,0.9
Michigan,"9,731","1,331",95,13.7,1.0
Minnesota,"5,353",534,47,10.0,0.9
Mississippi,"2,893",636,55,22.0,1.9
Missouri,"5,956",905,86,15.2,1.5
Montana,999,134,15,13.4,1.5
Nebraska,"1,849",226,25,12.2,1.3
Nevada,"2,735",433,32,15.8,1.2
New Hampshire,"1,308",106,11,8.1,0.8
New Jersey,"8,720",814,73,9.3,0.8
New Mexico,"2,064",420,44,20.4,2.1
New York,"19,298","3,328",131,17.2,0.7
North Carolina,"9,634","1,652",126,17.2,1.3
North Dakota,692,79,7,11.4,1.1
Ohio,"11,398","1,751",119,15.4,1.1
Oklahoma,"3,700",668,46,18.0,1.3
Oregon,"3,872",523,40,13.5,1.0
Pennsylvania,"12,664","1,756",111,13.9,0.9
Rhode Island,"1,034",141,12,13.6,1.1
South Carolina,"4,667",779,63,16.7,1.4
South Dakota,822,106,11,12.8,1.3
Tennessee,"6,422","1,194",118,18.6,1.9
Texas,"26,063","4,444",192,17.0,0.7
Utah,"2,849",312,45,11.0,1.6
Vermont,615,69,7,11.2,1.1
Virginia,"7,994",850,89,10.6,1.1
Washington,"6,856",796,58,11.6,0.9
West Virginia,"1,803",301,40,16.7,2.2
Wisconsin,"5,628",640,49,11.4,0.9
Wyoming,577,56,7,9.6,1.2
2011,,,,,
STATE,Total,Below poverty,Standard error,Percent,Standard error
Alabama,"4,765",732,74,15.4,1.5
Alaska,712,83,9,11.7,1.3
Arizona,"6,547","1,128",107,17.2,1.7
Arkansas,"2,909",545,46,18.7,1.6
California,"37,592","6,352",202,16.9,0.6
Colorado,"5,016",661,54,13.2,1.1
Connecticut,"3,514",356,33,10.1,0.9
Delaware,902,123,9,13.7,1.0
District of Columbia,619,123,9,19.9,1.4
Florida,"18,986","2,822",136,14.9,0.7
Georgia,"9,681","1,783",122,18.4,1.3
Hawaii,"1,337",162,18,12.1,1.4
Idaho,"1,574",248,26,15.7,1.7
Illinois,"12,697","1,807",109,14.2,0.9
Indiana,"6,344",989,83,15.6,1.3
Iowa,"3,027",315,24,10.4,0.8
Kansas,"2,807",402,32,14.3,1.2
Kentucky,"4,302",689,60,16.0,1.4
Louisiana,"4,494",947,75,21.1,1.6
Maine,"1,328",178,14,13.4,1.1
Maryland,"5,806",537,43,9.3,0.8
Massachusetts,"6,514",688,55,10.6,0.9
Michigan,"9,689","1,449",100,15.0,1.0
Minnesota,"5,276",528,46,10.0,0.9
Mississippi,"2,932",510,40,17.4,1.4
Missouri,"5,892",910,98,15.4,1.7
Montana,986,163,16,16.5,1.6
Nebraska,"1,823",187,22,10.2,1.3
Nevada,"2,682",414,34,15.5,1.3
New Hampshire,"1,300",99,12,7.6,0.9
New Jersey,"8,642",988,76,11.4,0.9
New Mexico,"2,037",451,36,22.2,1.8
New York,"19,329","3,085",144,16.0,0.7
North Carolina,"9,504","1,459",130,15.4,1.4
North Dakota,675,67,10,9.9,1.4
Ohio,"11,309","1,708",129,15.1,1.2
Oklahoma,"3,763",522,47,13.9,1.2
Oregon,"3,850",553,51,14.4,1.3
Pennsylvania,"12,697","1,604",106,12.6,0.8
Rhode Island,"1,038",139,10,13.4,1.0
South Carolina,"4,605",874,64,19.0,1.4
South Dakota,808,117,20,14.5,2.5
Tennessee,"6,324","1,030",104,16.3,1.7
Texas,"25,554","4,458",196,17.4,0.8
Utah,"2,812",309,29,11.0,1.0
Vermont,615,71,6,11.6,1.0
Virginia,"7,971",907,70,11.4,0.9
Washington,"6,812",854,74,12.5,1.1
West Virginia,"1,820",318,34,17.5,1.8
Wisconsin,"5,676",743,60,13.1,1.1
Wyoming,562,60,8,10.7,1.4
2010,,,,,
STATE,Total,Below poverty,Standard error,Percent,Standard error
Alabama,"4,717",812,83,17.2,1.8
Alaska,695,87,10,12.5,1.5
Arizona,"6,426","1,208",108,18.8,1.7
Arkansas,"2,879",440,45,15.3,1.6
California,"37,240","6,073",212,16.3,0.6
Colorado,"4,995",615,54,12.3,1.1
Connecticut,"3,541",303,27,8.6,0.8
Delaware,890,109,10,12.2,1.1
District of Columbia,604,118,8,19.5,1.3
Florida,"18,759","3,006",127,16.0,0.7
Georgia,"9,650","1,814",104,18.8,1.1
Hawaii,"1,311",162,15,12.4,1.2
Idaho,"1,543",213,23,13.8,1.5
Illinois,"12,784","1,798",101,14.1,0.8
Indiana,"6,390","1,041",95,16.3,1.5
Iowa,"2,977",307,30,10.3,1.0
Kansas,"2,766",400,39,14.5,1.4
Kentucky,"4,270",754,65,17.7,1.6
Louisiana,"4,418",949,69,21.5,1.6
Maine,"1,298",164,15,12.6,1.2
Maryland,"5,786",628,50,10.9,0.9
Massachusetts,"6,532",711,68,10.9,1.1
Michigan,"9,751","1,530",110,15.7,1.1
Minnesota,"5,217",563,43,10.8,0.8
Mississippi,"2,920",658,44,22.5,1.5
Missouri,"5,929",890,79,15.0,1.4
Montana,979,142,17,14.5,1.8
Nebraska,"1,804",184,20,10.2,1.2
Nevada,"2,696",446,35,16.6,1.3
New Hampshire,"1,294",84,8,6.5,0.7
New Jersey,"8,733",966,89,11.1,1.0
New Mexico,"2,033",372,30,18.3,1.5
New York,"19,116","3,062",147,16.0,0.8
North Carolina,"9,359","1,633",90,17.4,1.0
North Dakota,653,82,6,12.6,0.9
Ohio,"11,341","1,746",118,15.4,1.1
Oklahoma,"3,697",603,62,16.3,1.7
Oregon,"3,752",537,44,14.3,1.2
Pennsylvania,"12,530","1,535",84,12.2,0.7
Rhode Island,"1,042",146,11,14.0,1.0
South Carolina,"4,563",773,53,16.9,1.2
South Dakota,799,109,9,13.6,1.1
Tennessee,"6,315","1,052",85,16.7,1.3
Texas,"25,200","4,633",196,18.4,0.8
Utah,"2,768",278,30,10.0,1.1
Vermont,624,67,7,10.8,1.1
Virginia,"7,837",835,73,10.7,0.9
Washington,"6,713",779,73,11.6,1.1
West Virginia,"1,816",306,23,16.8,1.3
Wisconsin,"5,626",567,52,10.1,0.9
Wyoming,550,53,5,9.6,0.9
2009,,,,,
STATE,Total,Below poverty,Standard error,Percent,Standard error
Alabama,"4,655",770,60,16.6,1.3
Alaska,688,81,8,11.7,1.2
Arizona,"6,508","1,381",84,21.2,1.3
Arkansas,"2,846",538,40,18.9,1.4
California,"36,742","5,638",177,15.3,0.5
Colorado,"4,969",613,58,12.3,1.2
Connecticut,"3,472",292,35,8.4,1.0
Delaware,883,109,11,12.3,1.2
District of Columbia,595,107,9,17.9,1.5
Florida,"18,385","2,676",116,14.6,0.6
Georgia,"9,657","1,775",91,18.4,0.9
Hawaii,"1,250",156,14,12.5,1.2
Idaho,"1,524",209,19,13.7,1.2
Illinois,"12,759","1,690",94,13.2,0.7
Indiana,"6,342","1,023",70,16.1,1.1
Iowa,"2,987",319,34,10.7,1.1
Kansas,"2,737",374,35,13.7,1.3
Kentucky,"4,276",727,58,17.0,1.4
Louisiana,"4,450",636,55,14.3,1.2
Maine,"1,297",148,16,11.4,1.3
Maryland,"5,662",543,54,9.6,1.0
Massachusetts,"6,623",717,60,10.8,0.9
Michigan,"9,797","1,376",83,14.0,0.8
Minnesota,"5,200",576,54,11.1,1.0
Mississippi,"2,847",658,44,23.1,1.5
Missouri,"5,963",926,68,15.5,1.1
Montana,971,131,12,13.5,1.2
Nebraska,"1,778",176,20,9.9,1.1
Nevada,"2,629",343,32,13.0,1.2
New Hampshire,"1,313",103,13,7.8,1.0
New Jersey,"8,660",806,66,9.3,0.8
New Mexico,"1,971",381,31,19.3,1.6
New York,"19,158","3,018",125,15.8,0.7
North Carolina,"9,336","1,576",88,16.9,0.9
North Dakota,632,69,7,10.9,1.1
Ohio,"11,441","1,526",87,13.3,0.8
Oklahoma,"3,632",468,44,12.9,1.2
Oregon,"3,821",510,49,13.4,1.3
Pennsylvania,"12,401","1,376",84,11.1,0.7
Rhode Island,"1,030",134,14,13.0,1.3
South Carolina,"4,501",618,55,13.7,1.2
South Dakota,799,113,9,14.1,1.2
Tennessee,"6,240","1,031",70,16.5,1.1
Texas,"24,632","4,262",154,17.3,0.6
Utah,"2,794",270,26,9.7,0.9
Vermont,617,58,7,9.4,1.1
Virginia,"7,767",831,65,10.7,0.8
Washington,"6,697",781,65,11.7,1.0
West Virginia,"1,801",285,22,15.8,1.2
Wisconsin,"5,545",599,56,10.8,1.0
Wyoming,540,50,6,9.2,1.1
2008,,,,,
STATE,Total,Below poverty,Standard error,Percent,Standard error
Alabama,"4,716",675,57,14.3,1.2
Alaska,672,55,7,8.2,1.0
Arizona,"6,529","1,172",79,18.0,1.2
Arkansas,"2,822",431,36,15.3,1.3
California,"36,637","5,344",174,14.6,0.5
Colorado,"4,908",541,55,11.0,1.1
Connecticut,"3,433",276,34,8.1,1.0
Delaware,861,82,9,9.6,1.1
District of Columbia,590,98,9,16.5,1.5
Florida,"18,022","2,370",110,13.1,0.6
Georgia,"9,541","1,477",84,15.5,0.9
Hawaii,"1,255",125,13,9.9,1.1
Idaho,"1,515",185,18,12.2,1.2
Illinois,"12,687","1,564",90,12.3,0.7
Indiana,"6,288",901,66,14.3,1.1
Iowa,"2,986",285,32,9.5,1.1
Kansas,"2,716",346,34,12.7,1.3
Kentucky,"4,246",724,58,17.1,1.4
Louisiana,"4,326",788,60,18.2,1.4
Maine,"1,317",158,17,12.0,1.3
Maryland,"5,528",481,51,8.7,0.9
Massachusetts,"6,420",727,60,11.3,0.9
Michigan,"9,806","1,273",80,13.0,0.8
Minnesota,"5,120",506,51,9.9,1.0
Mississippi,"2,900",525,40,18.1,1.4
Missouri,"5,861",780,63,13.3,1.1
Montana,973,125,12,12.9,1.2
Nebraska,"1,774",188,20,10.6,1.1
Nevada,"2,581",278,30,10.8,1.2
New Hampshire,"1,300",91,12,7.0,1.0
New Jersey,"8,515",787,65,9.2,0.8
New Mexico,"1,977",381,31,19.3,1.6
New York,"19,309","2,734",120,14.2,0.6
North Carolina,"9,234","1,285",80,13.9,0.9
North Dakota,625,74,7,11.8,1.2
Ohio,"11,386","1,557",88,13.7,0.8
Oklahoma,"3,550",484,45,13.6,1.3
Oregon,"3,806",403,44,10.6,1.2
Pennsylvania,"12,178","1,335",83,11.0,0.7
Rhode Island,"1,042",132,14,12.7,1.3
South Carolina,"4,462",624,55,14.0,1.2
South Dakota,794,104,9,13.1,1.1
Tennessee,"6,163",924,67,15.0,1.1
Texas,"24,174","3,834",148,15.9,0.6
Utah,"2,754",209,23,7.6,0.9
Vermont,610,55,7,9.0,1.1
Virginia,"7,735",799,64,10.3,0.8
Washington,"6,526",680,61,10.4,0.9
West Virginia,"1,796",260,21,14.5,1.2
Wisconsin,"5,548",544,53,9.8,1.0
Wyoming,529,54,6,10.1,1.2
2007,,,,,
STATE,Total,Below poverty,Standard error,Percent,Standard error
Alabama,"4,566",662,56,14.5,1.2
Alaska,675,51,7,7.6,1.0
Arizona,"6,365",912,71,14.3,1.1
Arkansas,"2,803",387,35,13.8,1.2
California,"36,247","4,589",163,12.7,0.5
Colorado,"4,872",478,52,9.8,1.1
Connecticut,"3,471",309,36,8.9,1.0
Delaware,861,80,9,9.3,1.1
District of Columbia,580,104,9,18.0,1.6
Florida,"18,044","2,250",108,12.5,0.6
Georgia,"9,486","1,294",80,13.6,0.8
Hawaii,"1,264",94,12,7.5,0.9
Idaho,"1,501",149,16,9.9,1.1
Illinois,"12,680","1,262",82,10.0,0.7
Indiana,"6,258",740,61,11.8,1.0
Iowa,"2,965",264,31,8.9,1.1
Kansas,"2,720",319,33,11.7,1.2
Kentucky,"4,202",653,55,15.5,1.3
Louisiana,"4,186",673,56,16.1,1.3
Maine,"1,312",142,16,10.9,1.2
Maryland,"5,560",491,52,8.8,0.9
Massachusetts,"6,336",707,59,11.2,0.9
Michigan,"9,919","1,076",74,10.8,0.8
Minnesota,"5,188",482,50,9.3,1.0
Mississippi,"2,895",655,44,22.6,1.5
Missouri,"5,783",742,62,12.8,1.1
Montana,938,122,12,13.0,1.2
Nebraska,"1,751",174,20,9.9,1.1
Nevada,"2,566",250,28,9.7,1.1
New Hampshire,"1,312",76,11,5.8,0.9
New Jersey,"8,548",742,63,8.7,0.7
New Mexico,"1,941",271,27,14.0,1.4
New York,"19,021","2,757",121,14.5,0.6
North Carolina,"9,170","1,423",84,15.5,0.9
North Dakota,614,57,7,9.3,1.1
Ohio,"11,280","1,446",85,12.8,0.8
Oklahoma,"3,551",476,44,13.4,1.3
Oregon,"3,761",481,47,12.8,1.3
Pennsylvania,"12,297","1,273",81,10.4,0.7
Rhode Island,"1,042",99,12,9.5,1.1
South Carolina,"4,380",617,54,14.1,1.2
South Dakota,787,74,8,9.4,1.0
Tennessee,"6,137",906,66,14.8,1.1
Texas,"23,653","3,903",148,16.5,0.6
Utah,"2,651",255,26,9.6,1.0
Vermont,613,61,7,9.9,1.2
Virginia,"7,678",664,59,8.6,0.8
Washington,"6,503",661,60,10.2,0.9
West Virginia,"1,793",265,22,14.8,1.2
Wisconsin,"5,458",601,56,11.0,1.0
Wyoming,518,56,6,10.9,1.2
2006,,,,,
STATE,Total,Below poverty,Standard error,Percent,Standard error
Alabama,"4,532",650,56,14.3,1.2
Alaska,658,58,7,8.9,1.1
Arizona,"6,256",902,71,14.4,1.1
Arkansas,"2,748",487,38,17.7,1.4
California,"36,160","4,427",160,12.2,0.4
Colorado,"4,797",466,52,9.7,1.1
Connecticut,"3,457",275,34,8.0,1.0
Delaware,858,80,9,9.3,1.1
District of Columbia,569,104,9,18.3,1.6
Florida,"18,029","2,068",104,11.5,0.6
Georgia,"9,334","1,172",76,12.6,0.8
Hawaii,"1,254",116,13,9.2,1.0
Idaho,"1,472",141,16,9.5,1.1
Illinois,"12,633","1,338",85,10.6,0.7
Indiana,"6,334",674,59,10.6,0.9
Iowa,"2,913",301,33,10.3,1.1
Kansas,"2,719",349,34,12.8,1.3
Kentucky,"4,106",690,56,16.8,1.4
Louisiana,"4,206",713,57,17.0,1.4
Maine,"1,313",134,16,10.2,1.2
Maryland,"5,607",469,51,8.4,0.9
Massachusetts,"6,324",758,61,12.0,1.0
Michigan,"9,953","1,323",81,13.3,0.8
Minnesota,"5,145",422,47,8.2,0.9
Mississippi,"2,887",596,42,20.6,1.5
Missouri,"5,797",659,58,11.4,1.0
Montana,930,125,12,13.5,1.3
Nebraska,"1,765",180,20,10.2,1.1
Nevada,"2,530",241,28,9.5,1.1
New Hampshire,"1,308",71,11,5.4,0.8
New Jersey,"8,650",762,64,8.8,0.7
New Mexico,"1,939",328,29,16.9,1.5
New York,"19,021","2,668",119,14.0,0.6
North Carolina,"8,847","1,225",79,13.8,0.9
North Dakota,615,70,7,11.4,1.2
Ohio,"11,297","1,371",83,12.1,0.7
Oklahoma,"3,489",531,47,15.2,1.3
Oregon,"3,705",439,45,11.8,1.2
Pennsylvania,"12,326","1,397",84,11.3,0.7
Rhode Island,"1,054",110,13,10.5,1.2
South Carolina,"4,224",474,49,11.2,1.2
South Dakota,770,82,8,10.7,1.1
Tennessee,"5,916",879,65,14.9,1.1
Texas,"23,208","3,816",147,16.4,0.6
Utah,"2,536",235,25,9.3,1.0
Vermont,618,48,6,7.8,1.1
Virginia,"7,532",651,58,8.6,0.8
Washington,"6,310",502,53,8.0,0.8
West Virginia,"1,810",277,22,15.3,1.2
Wisconsin,"5,471",555,54,10.1,1.0
Wyoming,516,51,6,10.0,1.2
2005,,,,,
STATE,Total,Below poverty,Standard error,Percent,Standard error
Alabama,"4,501",750,59,16.7,1.3
Alaska,657,66,7,10.0,1.1
Arizona,"6,025",917,71,15.2,1.2
Arkansas,"2,756",382,34,13.8,1.3
California,"35,840","4,716",164,13.2,0.5
Colorado,"4,629",530,55,11.4,1.2
Connecticut,"3,483",326,37,9.3,1.1
Delaware,842,78,9,9.2,1.1
District of Columbia,539,115,9,21.3,1.7
Florida,"17,845","1,975",102,11.1,0.6
Georgia,"9,014","1,298",80,14.4,0.9
Hawaii,"1,274",110,12,8.6,1.0
Idaho,"1,441",143,16,9.9,1.1
Illinois,"12,571","1,441",87,11.5,0.7
Indiana,"6,131",774,62,12.6,1.0
Iowa,"2,902",327,34,11.3,1.2
Kansas,"2,693",337,34,12.5,1.3
Kentucky,"4,049",599,53,14.8,1.3
Louisiana,"4,086",748,58,18.3,1.4
Maine,"1,314",166,17,12.6,1.3
Maryland,"5,560",542,54,9.7,1.0
Massachusetts,"6,318",641,57,10.1,0.9
Michigan,"9,964","1,196",78,12.0,0.8
Minnesota,"5,113",412,46,8.1,0.9
Mississippi,"2,843",571,41,20.1,1.5
Missouri,"5,697",659,58,11.6,1.0
Montana,926,128,12,13.8,1.3
Nebraska,"1,760",167,19,9.5,1.1
Nevada,"2,447",260,29,10.6,1.2
New Hampshire,"1,298",73,11,5.6,0.9
New Jersey,"8,692",592,57,6.8,0.7
New Mexico,"1,938",347,29,17.9,1.5
New York,"18,995","2,760",121,14.5,0.6
North Carolina,"8,538","1,115",75,13.1,0.9
North Dakota,625,70,7,11.2,1.2
Ohio,"11,310","1,392",84,12.3,0.7
Oklahoma,"3,486",543,47,15.6,1.4
Oregon,"3,619",436,45,12.0,1.3
Pennsylvania,"12,237","1,372",84,11.2,0.7
Rhode Island,"1,052",127,13,12.1,1.3
South Carolina,"4,164",626,55,15.0,1.3
South Dakota,765,90,8,11.8,1.1
Tennessee,"5,853",872,65,14.9,1.1
Texas,"22,777","3,681",144,16.2,0.6
Utah,"2,521",232,24,9.2,1.0
Vermont,621,47,6,7.6,1.0
Virginia,"7,442",684,60,9.2,0.8
Washington,"6,237",636,59,10.2,0.9
West Virginia,"1,795",276,22,15.4,1.2
Wisconsin,"5,440",553,54,10.2,1.0
Wyoming,509,54,6,10.6,1.2
2004,,,,,
STATE,Total,Below poverty,Standard error,Percent,Standard error
Alabama,"4,508",762,59,16.9,1.3
Alaska,648,59,7,9.1,1.1
Arizona,"5,763",830,68,14.4,1.2
Arkansas,"2,723",412,35,15.1,1.3
California,"35,772","4,724",165,13.2,0.5
Colorado,"4,517",450,51,10.0,1.1
Connecticut,"3,487",352,38,10.1,1.1
Delaware,825,74,9,9.0,1.1
District of Columbia,545,93,9,17.0,1.6
Florida,"17,419","2,028",103,11.6,0.6
Georgia,"8,700","1,132",75,13.0,0.9
Hawaii,"1,244",106,12,8.6,1.0
Idaho,"1,372",136,15,9.9,1.1
Illinois,"12,563","1,546",90,12.3,0.7
Indiana,"6,121",712,60,11.6,1.0
Iowa,"2,901",316,34,10.9,1.2
Kansas,"2,669",304,32,11.4,1.2
Kentucky,"4,068",723,57,17.8,1.4
Louisiana,"4,419",744,58,16.8,1.3
Maine,"1,290",149,17,11.6,1.3
Maryland,"5,539",550,54,9.9,1.0
Massachusetts,"6,363",594,55,9.3,0.9
Michigan,"9,939","1,318",81,13.3,0.8
Minnesota,"5,120",356,43,7.0,0.9
Mississippi,"2,862",536,40,18.7,1.4
Missouri,"5,609",686,60,12.2,1.1
Montana,908,129,12,14.2,1.3
Nebraska,"1,724",163,19,9.5,1.1
Nevada,"2,385",260,29,10.9,1.2
New Hampshire,"1,291",71,11,5.5,0.9
New Jersey,"8,652",693,61,8.0,0.7
New Mexico,"1,899",314,28,16.5,1.5
New York,"19,010","2,847",122,15.0,0.6
North Carolina,"8,421","1,229",79,14.6,0.9
North Dakota,627,61,7,9.7,1.1
Ohio,"11,259","1,304",81,11.6,0.7
Oklahoma,"3,444",373,40,10.8,1.2
Oregon,"3,572",421,45,11.8,1.3
Pennsylvania,"12,142","1,383",84,11.4,0.7
Rhode Island,"1,055",122,13,11.5,1.2
South Carolina,"4,120",615,54,14.9,1.3
South Dakota,751,102,9,13.5,1.2
Tennessee,"5,846",932,67,15.9,1.1
Texas,"22,288","3,669",144,16.5,0.7
Utah,"2,390",241,25,10.1,1.0
Vermont,616,48,7,7.8,1.1
Virginia,"7,369",693,60,9.4,0.8
Washington,"6,116",700,61,11.4,1.0
West Virginia,"1,791",254,21,14.2,1.2
Wisconsin,"5,456",676,59,12.4,1.1
Wyoming,496,50,6,10.0,1.2
2003,,,,,
STATE,Total,Below poverty,Standard error,Percent,Standard error
Alabama,"4,417",663,56,15.0,1.2
Alaska,643,62,6,9.6,0.9
Arizona,"5,558",749,70,13.5,1.2
Arkansas,"2,670",474,39,17.8,1.3
California,"35,309","4,634",198,13.1,0.5
Colorado,"4,478",436,40,9.7,0.8
Connecticut,"3,417",278,28,8.1,0.8
Delaware,818,60,7,7.3,0.9
District of Columbia,550,92,8,16.8,1.4
Florida,"16,884","2,148",114,12.7,0.6
Georgia,"8,559","1,014",94,11.9,1.0
Hawaii,"1,250",117,12,9.3,0.9
Idaho,"1,356",138,15,10.2,1.0
Illinois,"12,616","1,592",95,12.6,0.7
Indiana,"6,130",610,54,9.9,0.8
Iowa,"2,916",260,26,8.9,0.9
Kansas,"2,676",288,27,10.8,1.0
Kentucky,"4,100",589,50,14.4,1.1
Louisiana,"4,422",750,63,17.0,1.3
Maine,"1,279",149,13,11.6,0.9
Maryland,"5,485",472,47,8.6,0.8
Massachusetts,"6,357",652,56,10.3,0.8
Michigan,"9,893","1,125",77,11.4,0.7
Minnesota,"5,075",376,40,7.4,0.8
Mississippi,"2,851",456,41,16.0,1.3
Missouri,"5,606",602,55,10.7,0.9
Montana,915,139,13,15.1,1.3
Nebraska,"1,725",168,17,9.8,1.0
Nevada,"2,242",244,22,10.9,0.9
New Hampshire,"1,263",73,9,5.8,0.7
New Jersey,"8,574",741,60,8.6,0.7
New Mexico,"1,867",338,30,18.1,1.5
New York,"18,922","2,707",120,14.3,0.6
North Carolina,"8,223","1,289",86,15.7,1.0
North Dakota,631,61,6,9.7,0.9
Ohio,"11,227","1,226",83,10.9,0.7
Oklahoma,"3,430",440,40,12.8,1.1
Oregon,"3,560",446,40,12.5,1.1
Pennsylvania,"12,135","1,279",82,10.5,0.6
Rhode Island,"1,051",121,10,11.5,0.9
South Carolina,"4,060",516,46,12.7,1.1
South Dakota,749,95,8,12.7,1.0
Tennessee,"5,901",829,75,14.0,1.2
Texas,"21,827","3,705",170,17.0,0.7
Utah,"2,346",213,23,9.1,0.9
Vermont,610,52,5,8.5,0.9
Virginia,"7,367",740,71,10.0,0.9
Washington,"6,078",766,68,12.6,1.1
West Virginia,"1,785",310,23,17.4,1.2
Wisconsin,"5,412",528,48,9.8,0.8
Wyoming,487,48,5,9.8,1.0
2002,,,,,
STATE,Total,Below poverty,Standard error,Percent,Standard error
Alabama,"4,432",640,55,14.5,1.2
Alaska,632,56,6,8.8,0.9
Arizona,"5,424",735,69,13.5,1.2
Arkansas,"2,690",532,42,19.8,1.4
California,"35,068","4,605",197,13.1,0.5
Colorado,"4,470",436,40,9.8,0.8
Connecticut,"3,377",279,28,8.3,0.8
Delaware,796,73,8,9.1,1.0
District of Columbia,570,97,8,17.0,1.4
Florida,"16,391","2,058",112,12.6,0.6
Georgia,"8,413",939,90,11.2,1.0
Hawaii,"1,219",138,14,11.3,1.0
Idaho,"1,296",147,15,11.3,1.1
Illinois,"12,495","1,594",96,12.8,0.7
Indiana,"6,086",552,51,9.1,0.8
Iowa,"2,899",267,27,9.2,0.9
Kansas,"2,681",269,26,10.1,0.9
Kentucky,"4,033",571,49,14.2,1.1
Louisiana,"4,445",777,64,17.5,1.3
Maine,"1,265",170,13,13.4,1.0
Maryland,"5,419",400,44,7.4,0.8
Massachusetts,"6,469",648,56,10.0,0.8
Michigan,"9,897","1,152",78,11.6,0.7
Minnesota,"5,044",325,37,6.5,0.7
Mississippi,"2,785",513,44,18.4,1.4
Missouri,"5,581",551,53,9.9,0.9
Montana,902,122,12,13.5,1.3
Nebraska,"1,700",181,18,10.6,1.0
Nevada,"2,114",188,19,8.9,0.9
New Hampshire,"1,264",73,9,5.8,0.7
New Jersey,"8,585",681,57,7.9,0.6
New Mexico,"1,837",328,30,17.9,1.5
New York,"19,224","2,690",120,14.0,0.6
North Carolina,"8,146","1,165",82,14.3,0.9
North Dakota,632,73,7,11.6,1.0
Ohio,"11,253","1,099",79,9.8,0.7
Oklahoma,"3,473",489,43,14.1,1.1
Oregon,"3,503",380,37,10.9,1.0
Pennsylvania,"12,168","1,152",78,9.5,0.6
Rhode Island,"1,055",116,10,11.0,0.9
South Carolina,"3,989",568,49,14.3,1.1
South Dakota,743,85,8,11.5,1.0
Tennessee,"5,655",839,75,14.8,1.2
Texas,"21,482","3,362",162,15.6,0.7
Utah,"2,308",228,24,9.9,1.0
Vermont,616,61,6,9.9,0.9
Virginia,"7,108",702,69,9.9,0.9
Washington,"5,988",657,63,11.0,1.0
West Virginia,"1,747",293,22,16.8,1.2
Wisconsin,"5,463",467,45,8.6,0.8
Wyoming,488,44,5,9.0,0.9
2001,,,,,
STATE,Total,Below poverty,Standard error,Percent,Standard error
Alabama,"4,378",696,57,15.9,1.2
Alaska,632,54,6,8.5,0.9
Arizona,"5,314",778,71,14.6,1.2
Arkansas,"2,650",472,39,17.8,1.4
California,"34,394","4,321",191,12.6,0.5
Colorado,"4,402",383,37,8.7,0.8
Connecticut,"3,385",249,27,7.3,0.8
Delaware,790,53,7,6.7,0.9
District of Columbia,554,101,9,18.2,1.4
Florida,"16,316","2,077",112,12.7,0.7
Georgia,"8,261","1,069",96,12.9,1.1
Hawaii,"1,205",138,13,11.4,1.1
Idaho,"1,314",151,15,11.5,1.1
Illinois,"12,314","1,249",85,10.1,0.7
Indiana,"6,030",511,49,8.5,0.8
Iowa,"2,858",212,24,7.4,0.8
Kansas,"2,635",267,26,10.1,0.9
Kentucky,"3,989",503,46,12.6,1.1
Louisiana,"4,372",709,61,16.2,1.3
Maine,"1,277",132,12,10.3,0.9
Maryland,"5,318",385,43,7.2,0.8
Massachusetts,"6,302",561,52,8.9,0.8
Michigan,"9,880",927,70,9.4,0.7
Minnesota,"4,910",361,39,7.4,0.8
Mississippi,"2,794",539,45,19.3,1.4
Missouri,"5,513",537,52,9.7,0.9
Montana,891,119,12,13.3,1.3
Nebraska,"1,680",158,17,9.4,1.0
Nevada,"2,129",152,17,7.1,0.8
New Hampshire,"1,254",81,9,6.5,0.7
New Jersey,"8,456",683,57,8.1,0.7
New Mexico,"1,795",323,30,18.0,1.5
New York,"18,783","2,664",119,14.2,0.6
North Carolina,"8,084","1,013",76,12.5,0.9
North Dakota,620,86,7,13.8,1.1
Ohio,"11,178","1,174",82,10.5,0.7
Oklahoma,"3,372",508,43,15.1,1.2
Oregon,"3,446",408,38,11.8,1.0
Pennsylvania,"12,087","1,158",78,9.6,0.6
Rhode Island,"1,043",100,9,9.6,0.8
South Carolina,"3,995",603,50,15.1,1.2
South Dakota,737,62,7,8.4,0.9
Tennessee,"5,670",802,74,14.1,1.2
Texas,"21,030","3,129",157,14.9,0.7
Utah,"2,257",238,24,10.5,1.0
Vermont,605,59,6,9.7,0.9
Virginia,"7,080",564,62,8.0,0.8
Washington,"5,920",634,62,10.7,1.0
West Virginia,"1,769",291,22,16.4,1.2
Wisconsin,"5,323",423,43,7.9,0.8
Wyoming,487,42,5,8.7,0.9
2000,,,,,
STATE,Total,Below poverty,Standard error,Percent,Standard error
Alabama,"4,376",583,53,13.3,1.1
Alaska,620,47,5,7.6,0.8
Arizona,"5,181",607,63,11.7,1.1
Arkansas,"2,650",436,38,16.5,1.3
California,"33,889","4,294",191,12.7,0.5
Colorado,"4,334",425,39,9.8,0.9
Connecticut,"3,365",258,27,7.7,0.8
Delaware,777,65,8,8.4,0.9
District of Columbia,552,84,8,15.2,1.3
Florida,"15,991","1,754",103,11.0,0.6
Georgia,"8,112",982,92,12.1,1.1
Hawaii,"1,195",106,12,8.9,0.9
Idaho,"1,289",162,16,12.5,1.2
Illinois,"12,269","1,307",87,10.7,0.7
Indiana,"6,007",513,49,8.5,0.8
Iowa,"2,858",237,25,8.3,0.8
Kansas,"2,649",213,23,8.0,0.8
Kentucky,"3,995",502,46,12.6,1.1
Louisiana,"4,354",750,63,17.2,1.3
Maine,"1,267",128,12,10.1,0.9
Maryland,"5,241",386,43,7.4,0.8
Massachusetts,"6,284",618,54,9.8,0.8
Michigan,"9,813",967,71,9.9,0.7
Minnesota,"4,890",276,34,5.7,0.7
Mississippi,"2,794",418,39,14.9,1.3
Missouri,"5,517",505,51,9.2,0.9
Montana,888,126,12,14.1,1.3
Nebraska,"1,679",145,16,8.6,0.9
Nevada,"2,045",180,19,8.8,0.9
New Hampshire,"1,231",56,8,4.5,0.6
New Jersey,"8,384",612,54,7.3,0.6
New Mexico,"1,790",312,29,17.5,1.5
New York,"18,752","2,604",118,13.9,0.6
North Carolina,"7,983","1,000",76,12.5,0.9
North Dakota,622,65,6,10.4,1.0
Ohio,"11,160","1,117",80,10.0,0.7
Oklahoma,"3,378",503,43,14.9,1.2
Oregon,"3,415",371,36,10.9,1.0
Pennsylvania,"12,044","1,033",74,8.6,0.6
Rhode Island,"1,035",106,9,10.2,0.9
South Carolina,"3,964",441,43,11.1,1.0
South Dakota,737,79,7,10.7,0.9
Tennessee,"5,630",759,72,13.5,1.2
Texas,"20,695","3,204",158,15.5,0.7
Utah,"2,239",170,20,7.6,0.9
Vermont,599,60,6,10.0,0.9
Virginia,"6,977",577,63,8.3,0.9
Washington,"5,863",634,62,10.8,1.0
West Virginia,"1,773",261,21,14.7,1.1
Wisconsin,"5,308",493,46,9.3,0.8
Wyoming,485,52,5,10.8,1.0
1999,,,,,
STATE,Total,Below poverty,Standard error,Percent,Standard error
Alabama,"4,388",668,84,15.2,1.8
Alaska,630,48,9,7.6,1.3
Arizona,"5,057",616,79,12.2,1.5
Arkansas,"2,616",384,48,14.7,1.7
California,"33,705","4,733",250,14.0,0.7
Colorado,"4,319",366,59,8.5,1.3
Connecticut,"3,418",246,51,7.2,1.4
Delaware,768,80,14,10.4,1.7
District of Columbia,545,80,12,14.7,2.0
Florida,"15,566","1,937",139,12.4,0.8
Georgia,"7,877","1,011",121,12.8,1.4
Hawaii,"1,225",133,22,10.8,1.7
Idaho,"1,240",175,22,14.1,1.7
Illinois,"12,248","1,215",112,9.9,0.9
Indiana,"5,914",396,75,6.7,1.2
Iowa,"2,856",210,39,7.4,1.3
Kansas,"2,605",320,46,12.3,1.7
Kentucky,"3,859",467,67,12.1,1.6
Louisiana,"4,289",823,90,19.2,1.9
Maine,"1,260",134,23,10.6,1.7
Maryland,"5,049",367,72,7.3,1.4
Massachusetts,"6,262",738,79,11.8,1.2
Michigan,"10,052",978,97,9.7,0.9
Minnesota,"4,868",354,64,7.3,1.3
Mississippi,"2,755",446,54,16.2,1.8
Missouri,"5,511",647,96,11.7,1.6
Montana,891,141,17,15.8,1.8
Nebraska,"1,683",184,28,11.0,1.6
Nevada,"2,033",229,32,11.3,1.5
New Hampshire,"1,255",96,19,7.6,1.5
New Jersey,"8,232",646,74,7.8,0.9
New Mexico,"1,831",383,40,20.9,1.9
New York,"18,855","2,676",156,14.2,0.8
North Carolina,"7,766","1,069",102,13.8,1.2
North Dakota,621,81,12,13.1,1.8
Ohio,"11,223","1,343",119,12.0,1.0
Oklahoma,"3,300",424,57,12.8,1.6
Oregon,"3,421",432,62,12.6,1.7
Pennsylvania,"11,948","1,117",105,9.3,0.8
Rhode Island,"1,033",103,18,10.0,1.7
South Carolina,"3,800",445,68,11.7,1.7
South Dakota,709,55,10,7.7,1.3
Tennessee,"5,583",662,96,11.9,1.6
Texas,"20,173","3,072",195,15.2,0.9
Utah,"2,194",126,24,5.7,1.1
Vermont,599,58,10,9.6,1.7
Virginia,"6,831",537,91,7.9,1.3
Washington,"5,698",545,91,9.6,1.5
West Virginia,"1,734",272,33,15.7,1.8
Wisconsin,"5,429",466,77,8.6,1.4
Wyoming,484,56,8,11.6,1.6